{
    "F": {
        "precision": 0.8854166666666666,
        "recall": 0.9444444444444444,
        "f1-score": 0.9139784946236558,
        "support": 90.0
    },
    "PE": {
        "precision": 0.45454545454545453,
        "recall": 0.8333333333333334,
        "f1-score": 0.5882352941176471,
        "support": 12.0
    },
    "LF": {
        "precision": 0.75,
        "recall": 0.6,
        "f1-score": 0.6666666666666665,
        "support": 10.0
    },
    "US": {
        "precision": 0.631578947368421,
        "recall": 0.6666666666666666,
        "f1-score": 0.6486486486486486,
        "support": 18.0
    },
    "A": {
        "precision": 0.42857142857142855,
        "recall": 0.375,
        "f1-score": 0.39999999999999997,
        "support": 8.0
    },
    "SE": {
        "precision": 0.8260869565217391,
        "recall": 0.7916666666666666,
        "f1-score": 0.8085106382978724,
        "support": 24.0
    },
    "FT": {
        "precision": 0.0,
        "recall": 0.0,
        "f1-score": 0.0,
        "support": 3.0
    },
    "SC": {
        "precision": 0.6666666666666666,
        "recall": 0.3333333333333333,
        "f1-score": 0.4444444444444444,
        "support": 6.0
    },
    "PO": {
        "precision": 0.0,
        "recall": 0.0,
        "f1-score": 0.0,
        "support": 2.0
    },
    "O": {
        "precision": 0.5333333333333333,
        "recall": 0.7272727272727273,
        "f1-score": 0.6153846153846153,
        "support": 11.0
    },
    "MN": {
        "precision": 0.0,
        "recall": 0.0,
        "f1-score": 0.0,
        "support": 7.0
    },
    "L": {
        "precision": 1.0,
        "recall": 0.3333333333333333,
        "f1-score": 0.5,
        "support": 3.0
    },
    "accuracy": 0.7525773195876289,
    "macro avg": {
        "precision": 0.5146832878061425,
        "recall": 0.46708754208754205,
        "f1-score": 0.4654890668486291,
        "support": 194.0
    },
    "weighted avg": {
        "precision": 0.7223288224687467,
        "recall": 0.7525773195876289,
        "f1-score": 0.7278318718707706,
        "support": 194.0
    }
}