{
    "F": {
        "precision": 0.9127272727272727,
        "recall": 0.984313725490196,
        "f1-score": 0.9471698113207547,
        "support": 255.0
    },
    "PE": {
        "precision": 0.8928571428571429,
        "recall": 0.9259259259259259,
        "f1-score": 0.9090909090909091,
        "support": 54.0
    },
    "LF": {
        "precision": 1.0,
        "recall": 0.23684210526315788,
        "f1-score": 0.38297872340425526,
        "support": 38.0
    },
    "US": {
        "precision": 0.8591549295774648,
        "recall": 0.9104477611940298,
        "f1-score": 0.8840579710144928,
        "support": 67.0
    },
    "A": {
        "precision": 0.8333333333333334,
        "recall": 0.9523809523809523,
        "f1-score": 0.888888888888889,
        "support": 21.0
    },
    "SE": {
        "precision": 0.863013698630137,
        "recall": 0.9545454545454546,
        "f1-score": 0.906474820143885,
        "support": 66.0
    },
    "FT": {
        "precision": 0.0,
        "recall": 0.0,
        "f1-score": 0.0,
        "support": 10.0
    },
    "SC": {
        "precision": 0.85,
        "recall": 0.8095238095238095,
        "f1-score": 0.8292682926829269,
        "support": 21.0
    },
    "PO": {
        "precision": 0.0,
        "recall": 0.0,
        "f1-score": 0.0,
        "support": 1.0
    },
    "O": {
        "precision": 0.6941176470588235,
        "recall": 0.9516129032258065,
        "f1-score": 0.8027210884353742,
        "support": 62.0
    },
    "MN": {
        "precision": 1.0,
        "recall": 0.058823529411764705,
        "f1-score": 0.1111111111111111,
        "support": 17.0
    },
    "L": {
        "precision": 1.0,
        "recall": 0.8461538461538461,
        "f1-score": 0.9166666666666666,
        "support": 13.0
    },
    "accuracy": 0.8672,
    "macro avg": {
        "precision": 0.7421003353486814,
        "recall": 0.6358808344262453,
        "f1-score": 0.6315356902299387,
        "support": 625.0
    },
    "weighted avg": {
        "precision": 0.8669877100298665,
        "recall": 0.8672,
        "f1-score": 0.8382195016097401,
        "support": 625.0
    }
}