{
    "A": {
        "precision": 0.0,
        "recall": 0.0,
        "f1-score": 0.0,
        "support": 4.0
    },
    "F": {
        "precision": 0.7142857142857143,
        "recall": 0.9574468085106383,
        "f1-score": 0.8181818181818182,
        "support": 47.0
    },
    "FT": {
        "precision": 0.0,
        "recall": 0.0,
        "f1-score": 0.0,
        "support": 2.0
    },
    "L": {
        "precision": 0.0,
        "recall": 0.0,
        "f1-score": 0.0,
        "support": 2.0
    },
    "LF": {
        "precision": 0.0,
        "recall": 0.0,
        "f1-score": 0.0,
        "support": 17.0
    },
    "MN": {
        "precision": 0.0,
        "recall": 0.0,
        "f1-score": 0.0,
        "support": 4.0
    },
    "O": {
        "precision": 0.36363636363636365,
        "recall": 0.8571428571428571,
        "f1-score": 0.5106382978723404,
        "support": 14.0
    },
    "PE": {
        "precision": 0.4666666666666667,
        "recall": 0.7,
        "f1-score": 0.56,
        "support": 10.0
    },
    "PO": {
        "precision": 0.0,
        "recall": 0.0,
        "f1-score": 0.0,
        "support": 0.0
    },
    "SC": {
        "precision": 1.0,
        "recall": 0.3333333333333333,
        "f1-score": 0.5,
        "support": 3.0
    },
    "SE": {
        "precision": 0.5714285714285714,
        "recall": 0.5,
        "f1-score": 0.5333333333333333,
        "support": 8.0
    },
    "US": {
        "precision": 0.6666666666666666,
        "recall": 0.14285714285714285,
        "f1-score": 0.23529411764705882,
        "support": 14.0
    },
    "micro avg": {
        "precision": 0.568,
        "recall": 0.568,
        "f1-score": 0.568,
        "support": 125.0
    },
    "macro avg": {
        "precision": 0.3152236652236652,
        "recall": 0.2908983451536643,
        "f1-score": 0.26312063058621254,
        "support": 125.0
    },
    "weighted avg": {
        "precision": 0.48187012987012984,
        "recall": 0.568,
        "f1-score": 0.48211412750786975,
        "support": 125.0
    }
}