{
    "accuracy": 0.2704,
    "micro_precision": 0.2704,
    "micro_recall": 0.2704,
    "micro_f1": 0.2704,
    "macro_precision": 0.3495794164003277,
    "macro_recall": 0.30842232206852477,
    "macro_f1": 0.25694502056906743,
    "report": {
        "F": {
            "precision": 0.7894736842105263,
            "recall": 0.11764705882352941,
            "f1-score": 0.20477815699658702,
            "support": 255.0
        },
        "PE": {
            "precision": 0.56,
            "recall": 0.5185185185185185,
            "f1-score": 0.5384615384615384,
            "support": 54.0
        },
        "LF": {
            "precision": 0.75,
            "recall": 0.3157894736842105,
            "f1-score": 0.44444444444444436,
            "support": 38.0
        },
        "US": {
            "precision": 0.37777777777777777,
            "recall": 0.5074626865671642,
            "f1-score": 0.4331210191082802,
            "support": 67.0
        },
        "A": {
            "precision": 0.07142857142857142,
            "recall": 0.14285714285714285,
            "f1-score": 0.09523809523809523,
            "support": 21.0
        },
        "SE": {
            "precision": 0.8181818181818182,
            "recall": 0.2727272727272727,
            "f1-score": 0.4090909090909091,
            "support": 66.0
        },
        "FT": {
            "precision": 0.10810810810810811,
            "recall": 0.4,
            "f1-score": 0.1702127659574468,
            "support": 10.0
        },
        "SC": {
            "precision": 0.2857142857142857,
            "recall": 0.09523809523809523,
            "f1-score": 0.14285714285714285,
            "support": 21.0
        },
        "PO": {
            "precision": 0.0,
            "recall": 0.0,
            "f1-score": 0.0,
            "support": 1.0
        },
        "O": {
            "precision": 0.16778523489932887,
            "recall": 0.4032258064516129,
            "f1-score": 0.2369668246445498,
            "support": 62.0
        },
        "MN": {
            "precision": 0.03571428571428571,
            "recall": 0.23529411764705882,
            "f1-score": 0.06201550387596899,
            "support": 17.0
        },
        "L": {
            "precision": 0.23076923076923078,
            "recall": 0.6923076923076923,
            "f1-score": 0.34615384615384615,
            "support": 13.0
        },
        "accuracy": 0.2704,
        "macro avg": {
            "precision": 0.3495794164003277,
            "recall": 0.30842232206852477,
            "f1-score": 0.25694502056906743,
            "support": 625.0
        },
        "weighted avg": {
            "precision": 0.5791324945388443,
            "recall": 0.2704,
            "f1-score": 0.2898426954137991,
            "support": 625.0
        }
    }
}