{
    "F": {
        "precision": 0.8817204301075269,
        "recall": 0.9111111111111111,
        "f1-score": 0.8961748633879781,
        "support": 90.0
    },
    "PE": {
        "precision": 0.5,
        "recall": 0.75,
        "f1-score": 0.6,
        "support": 12.0
    },
    "LF": {
        "precision": 0.8,
        "recall": 0.4,
        "f1-score": 0.5333333333333333,
        "support": 10.0
    },
    "US": {
        "precision": 0.47619047619047616,
        "recall": 0.5555555555555556,
        "f1-score": 0.5128205128205129,
        "support": 18.0
    },
    "A": {
        "precision": 0.6,
        "recall": 0.375,
        "f1-score": 0.4615384615384615,
        "support": 8.0
    },
    "SE": {
        "precision": 0.7407407407407407,
        "recall": 0.8333333333333334,
        "f1-score": 0.7843137254901961,
        "support": 24.0
    },
    "FT": {
        "precision": 0.0,
        "recall": 0.0,
        "f1-score": 0.0,
        "support": 3.0
    },
    "SC": {
        "precision": 1.0,
        "recall": 0.3333333333333333,
        "f1-score": 0.5,
        "support": 6.0
    },
    "PO": {
        "precision": 0.0,
        "recall": 0.0,
        "f1-score": 0.0,
        "support": 2.0
    },
    "O": {
        "precision": 0.42857142857142855,
        "recall": 0.8181818181818182,
        "f1-score": 0.5625,
        "support": 11.0
    },
    "MN": {
        "precision": 0.0,
        "recall": 0.0,
        "f1-score": 0.0,
        "support": 7.0
    },
    "L": {
        "precision": 0.5,
        "recall": 0.3333333333333333,
        "f1-score": 0.4,
        "support": 3.0
    },
    "accuracy": 0.7216494845360825,
    "macro avg": {
        "precision": 0.49393525630084767,
        "recall": 0.44248737373737373,
        "f1-score": 0.4375567413808736,
        "support": 194.0
    },
    "weighted avg": {
        "precision": 0.7047336637792242,
        "recall": 0.7216494845360825,
        "f1-score": 0.6975421514076959,
        "support": 194.0
    }
}