{
    "F": {
        "precision": 0.8771929824561403,
        "recall": 0.9803921568627451,
        "f1-score": 0.9259259259259259,
        "support": 255.0
    },
    "PE": {
        "precision": 0.6666666666666666,
        "recall": 0.9259259259259259,
        "f1-score": 0.7751937984496123,
        "support": 54.0
    },
    "LF": {
        "precision": 0.0,
        "recall": 0.0,
        "f1-score": 0.0,
        "support": 38.0
    },
    "US": {
        "precision": 0.6705882352941176,
        "recall": 0.8507462686567164,
        "f1-score": 0.7500000000000001,
        "support": 67.0
    },
    "A": {
        "precision": 1.0,
        "recall": 0.6190476190476191,
        "f1-score": 0.7647058823529412,
        "support": 21.0
    },
    "SE": {
        "precision": 0.6710526315789473,
        "recall": 0.7727272727272727,
        "f1-score": 0.7183098591549295,
        "support": 66.0
    },
    "FT": {
        "precision": 0.0,
        "recall": 0.0,
        "f1-score": 0.0,
        "support": 10.0
    },
    "SC": {
        "precision": 0.0,
        "recall": 0.0,
        "f1-score": 0.0,
        "support": 21.0
    },
    "PO": {
        "precision": 0.0,
        "recall": 0.0,
        "f1-score": 0.0,
        "support": 1.0
    },
    "O": {
        "precision": 0.6153846153846154,
        "recall": 0.9032258064516129,
        "f1-score": 0.7320261437908496,
        "support": 62.0
    },
    "MN": {
        "precision": 0.0,
        "recall": 0.0,
        "f1-score": 0.0,
        "support": 17.0
    },
    "L": {
        "precision": 0.0,
        "recall": 0.0,
        "f1-score": 0.0,
        "support": 13.0
    },
    "accuracy": 0.7632,
    "macro avg": {
        "precision": 0.3750737609483739,
        "recall": 0.421005420805991,
        "f1-score": 0.3888468008061882,
        "support": 625.0
    },
    "weighted avg": {
        "precision": 0.6528911074065253,
        "recall": 0.7632,
        "f1-score": 0.699319154201696,
        "support": 625.0
    }
}