{
    "F": {
        "precision": 0.8035714285714286,
        "recall": 0.9574468085106383,
        "f1-score": 0.8737864077669905,
        "support": 47.0
    },
    "PE": {
        "precision": 0.7272727272727273,
        "recall": 0.8,
        "f1-score": 0.761904761904762,
        "support": 10.0
    },
    "LF": {
        "precision": 0.0,
        "recall": 0.0,
        "f1-score": 0.0,
        "support": 17.0
    },
    "US": {
        "precision": 0.6875,
        "recall": 0.7857142857142857,
        "f1-score": 0.7333333333333334,
        "support": 14.0
    },
    "A": {
        "precision": 0.8,
        "recall": 1.0,
        "f1-score": 0.888888888888889,
        "support": 4.0
    },
    "SE": {
        "precision": 0.5555555555555556,
        "recall": 0.625,
        "f1-score": 0.5882352941176471,
        "support": 8.0
    },
    "FT": {
        "precision": 0.0,
        "recall": 0.0,
        "f1-score": 0.0,
        "support": 2.0
    },
    "SC": {
        "precision": 0.6666666666666666,
        "recall": 0.6666666666666666,
        "f1-score": 0.6666666666666666,
        "support": 3.0
    },
    "PO": {
        "precision": 0.0,
        "recall": 0.0,
        "f1-score": 0.0,
        "support": 0.0
    },
    "O": {
        "precision": 0.5454545454545454,
        "recall": 0.8571428571428571,
        "f1-score": 0.6666666666666665,
        "support": 14.0
    },
    "MN": {
        "precision": 1.0,
        "recall": 0.25,
        "f1-score": 0.4,
        "support": 4.0
    },
    "L": {
        "precision": 0.5,
        "recall": 0.5,
        "f1-score": 0.5,
        "support": 2.0
    },
    "micro avg": {
        "precision": 0.712,
        "recall": 0.712,
        "f1-score": 0.712,
        "support": 125.0
    },
    "macro avg": {
        "precision": 0.5238350769600769,
        "recall": 0.5368308848362039,
        "f1-score": 0.5066235016120796,
        "support": 125.0
    },
    "weighted avg": {
        "precision": 0.61557113997114,
        "recall": 0.712,
        "f1-score": 0.6491875735407432,
        "support": 125.0
    }
}