{
    "F": {
        "precision": 0.8155339805825242,
        "recall": 0.9333333333333333,
        "f1-score": 0.8704663212435233,
        "support": 90.0
    },
    "PE": {
        "precision": 0.4666666666666667,
        "recall": 0.5833333333333334,
        "f1-score": 0.5185185185185186,
        "support": 12.0
    },
    "LF": {
        "precision": 0.7142857142857143,
        "recall": 0.5,
        "f1-score": 0.588235294117647,
        "support": 10.0
    },
    "US": {
        "precision": 0.5263157894736842,
        "recall": 0.5555555555555556,
        "f1-score": 0.5405405405405405,
        "support": 18.0
    },
    "A": {
        "precision": 0.6666666666666666,
        "recall": 0.25,
        "f1-score": 0.36363636363636365,
        "support": 8.0
    },
    "SE": {
        "precision": 0.76,
        "recall": 0.7916666666666666,
        "f1-score": 0.7755102040816326,
        "support": 24.0
    },
    "FT": {
        "precision": 0.0,
        "recall": 0.0,
        "f1-score": 0.0,
        "support": 3.0
    },
    "SC": {
        "precision": 0.0,
        "recall": 0.0,
        "f1-score": 0.0,
        "support": 6.0
    },
    "PO": {
        "precision": 0.0,
        "recall": 0.0,
        "f1-score": 0.0,
        "support": 2.0
    },
    "O": {
        "precision": 0.36363636363636365,
        "recall": 0.7272727272727273,
        "f1-score": 0.4848484848484849,
        "support": 11.0
    },
    "MN": {
        "precision": 0.0,
        "recall": 0.0,
        "f1-score": 0.0,
        "support": 7.0
    },
    "L": {
        "precision": 0.0,
        "recall": 0.0,
        "f1-score": 0.0,
        "support": 3.0
    },
    "accuracy": 0.6958762886597938,
    "macro avg": {
        "precision": 0.35942543177596825,
        "recall": 0.361763468013468,
        "f1-score": 0.3451463105822259,
        "support": 194.0
    },
    "weighted avg": {
        "precision": 0.6349893450471338,
        "recall": 0.6958762886597938,
        "f1-score": 0.6547986749764378,
        "support": 194.0
    }
}