{
    "F": {
        "precision": 0.7647058823529411,
        "recall": 0.08783783783783784,
        "f1-score": 0.1575757575757576,
        "support": 444.0
    },
    "PE": {
        "precision": 0.582089552238806,
        "recall": 0.582089552238806,
        "f1-score": 0.582089552238806,
        "support": 67.0
    },
    "LF": {
        "precision": 0.65,
        "recall": 0.2653061224489796,
        "f1-score": 0.3768115942028986,
        "support": 49.0
    },
    "US": {
        "precision": 0.275,
        "recall": 0.5176470588235295,
        "f1-score": 0.35918367346938784,
        "support": 85.0
    },
    "A": {
        "precision": 0.1016949152542373,
        "recall": 0.1935483870967742,
        "f1-score": 0.13333333333333336,
        "support": 31.0
    },
    "SE": {
        "precision": 0.896551724137931,
        "recall": 0.416,
        "f1-score": 0.5683060109289617,
        "support": 125.0
    },
    "FT": {
        "precision": 0.14893617021276595,
        "recall": 0.3888888888888889,
        "f1-score": 0.21538461538461537,
        "support": 18.0
    },
    "SC": {
        "precision": 0.2727272727272727,
        "recall": 0.13636363636363635,
        "f1-score": 0.1818181818181818,
        "support": 22.0
    },
    "PO": {
        "precision": 0.029411764705882353,
        "recall": 0.08333333333333333,
        "f1-score": 0.04347826086956522,
        "support": 12.0
    },
    "O": {
        "precision": 0.13392857142857142,
        "recall": 0.38961038961038963,
        "f1-score": 0.19933554817275748,
        "support": 77.0
    },
    "MN": {
        "precision": 0.043243243243243246,
        "recall": 0.3333333333333333,
        "f1-score": 0.07655502392344499,
        "support": 24.0
    },
    "L": {
        "precision": 0.20754716981132076,
        "recall": 0.7333333333333333,
        "f1-score": 0.32352941176470584,
        "support": 15.0
    },
    "accuracy": 0.26109391124871,
    "macro avg": {
        "precision": 0.34215302217608107,
        "recall": 0.3439409894424035,
        "f1-score": 0.26811674697353466,
        "support": 969.0
    },
    "weighted avg": {
        "precision": 0.5907876752116994,
        "recall": 0.26109391124871,
        "f1-score": 0.27199934219940497,
        "support": 969.0
    }
}