{
    "F": {
        "precision": 0.875,
        "recall": 0.9333333333333333,
        "f1-score": 0.9032258064516129,
        "support": 90.0
    },
    "PE": {
        "precision": 0.4375,
        "recall": 0.5833333333333334,
        "f1-score": 0.5,
        "support": 12.0
    },
    "LF": {
        "precision": 0.6666666666666666,
        "recall": 0.6,
        "f1-score": 0.631578947368421,
        "support": 10.0
    },
    "US": {
        "precision": 0.45454545454545453,
        "recall": 0.5555555555555556,
        "f1-score": 0.5,
        "support": 18.0
    },
    "A": {
        "precision": 0.75,
        "recall": 0.375,
        "f1-score": 0.5,
        "support": 8.0
    },
    "SE": {
        "precision": 0.8421052631578947,
        "recall": 0.6666666666666666,
        "f1-score": 0.744186046511628,
        "support": 24.0
    },
    "FT": {
        "precision": 0.0,
        "recall": 0.0,
        "f1-score": 0.0,
        "support": 3.0
    },
    "SC": {
        "precision": 1.0,
        "recall": 0.3333333333333333,
        "f1-score": 0.5,
        "support": 6.0
    },
    "PO": {
        "precision": 0.0,
        "recall": 0.0,
        "f1-score": 0.0,
        "support": 2.0
    },
    "O": {
        "precision": 0.34615384615384615,
        "recall": 0.8181818181818182,
        "f1-score": 0.4864864864864865,
        "support": 11.0
    },
    "MN": {
        "precision": 0.0,
        "recall": 0.0,
        "f1-score": 0.0,
        "support": 7.0
    },
    "L": {
        "precision": 0.0,
        "recall": 0.0,
        "f1-score": 0.0,
        "support": 3.0
    },
    "accuracy": 0.7061855670103093,
    "macro avg": {
        "precision": 0.4476642692103218,
        "recall": 0.40545033670033664,
        "f1-score": 0.3971231072348458,
        "support": 194.0
    },
    "weighted avg": {
        "precision": 0.6951891931544673,
        "recall": 0.7061855670103093,
        "f1-score": 0.6846284975358751,
        "support": 194.0
    }
}