{
    "F": {
        "precision": 0.7627118644067796,
        "recall": 0.9574468085106383,
        "f1-score": 0.8490566037735849,
        "support": 47.0
    },
    "PE": {
        "precision": 0.4444444444444444,
        "recall": 0.8,
        "f1-score": 0.5714285714285714,
        "support": 10.0
    },
    "LF": {
        "precision": 0.0,
        "recall": 0.0,
        "f1-score": 0.0,
        "support": 17.0
    },
    "US": {
        "precision": 0.5454545454545454,
        "recall": 0.42857142857142855,
        "f1-score": 0.4799999999999999,
        "support": 14.0
    },
    "A": {
        "precision": 1.0,
        "recall": 0.25,
        "f1-score": 0.4,
        "support": 4.0
    },
    "SE": {
        "precision": 0.35714285714285715,
        "recall": 0.625,
        "f1-score": 0.45454545454545453,
        "support": 8.0
    },
    "FT": {
        "precision": 0.0,
        "recall": 0.0,
        "f1-score": 0.0,
        "support": 2.0
    },
    "SC": {
        "precision": 0.0,
        "recall": 0.0,
        "f1-score": 0.0,
        "support": 3.0
    },
    "PO": {
        "precision": 0.0,
        "recall": 0.0,
        "f1-score": 0.0,
        "support": 0.0
    },
    "O": {
        "precision": 0.42857142857142855,
        "recall": 0.6428571428571429,
        "f1-score": 0.5142857142857143,
        "support": 14.0
    },
    "MN": {
        "precision": 1.0,
        "recall": 0.25,
        "f1-score": 0.4,
        "support": 4.0
    },
    "L": {
        "precision": 0.0,
        "recall": 0.0,
        "f1-score": 0.0,
        "support": 2.0
    },
    "micro avg": {
        "precision": 0.6,
        "recall": 0.6,
        "f1-score": 0.6,
        "support": 125.0
    },
    "macro avg": {
        "precision": 0.3781937616683379,
        "recall": 0.3294896149949341,
        "f1-score": 0.3057763620027771,
        "support": 125.0
    },
    "weighted avg": {
        "precision": 0.5182832685205566,
        "recall": 0.6,
        "f1-score": 0.5310104778240627,
        "support": 125.0
    }
}