{
    "F": {
        "precision": 0.8901098901098901,
        "recall": 0.9,
        "f1-score": 0.8950276243093923,
        "support": 90.0
    },
    "PE": {
        "precision": 0.6666666666666666,
        "recall": 0.6666666666666666,
        "f1-score": 0.6666666666666666,
        "support": 12.0
    },
    "LF": {
        "precision": 0.7272727272727273,
        "recall": 0.8,
        "f1-score": 0.761904761904762,
        "support": 10.0
    },
    "US": {
        "precision": 0.6470588235294118,
        "recall": 0.6111111111111112,
        "f1-score": 0.6285714285714287,
        "support": 18.0
    },
    "A": {
        "precision": 0.75,
        "recall": 0.375,
        "f1-score": 0.5,
        "support": 8.0
    },
    "SE": {
        "precision": 0.7037037037037037,
        "recall": 0.7916666666666666,
        "f1-score": 0.7450980392156864,
        "support": 24.0
    },
    "FT": {
        "precision": 0.0,
        "recall": 0.0,
        "f1-score": 0.0,
        "support": 3.0
    },
    "SC": {
        "precision": 0.6666666666666666,
        "recall": 0.6666666666666666,
        "f1-score": 0.6666666666666666,
        "support": 6.0
    },
    "PO": {
        "precision": 0.0,
        "recall": 0.0,
        "f1-score": 0.0,
        "support": 2.0
    },
    "O": {
        "precision": 0.4090909090909091,
        "recall": 0.8181818181818182,
        "f1-score": 0.5454545454545455,
        "support": 11.0
    },
    "MN": {
        "precision": 1.0,
        "recall": 0.2857142857142857,
        "f1-score": 0.4444444444444445,
        "support": 7.0
    },
    "L": {
        "precision": 1.0,
        "recall": 0.6666666666666666,
        "f1-score": 0.8,
        "support": 3.0
    },
    "accuracy": 0.7577319587628866,
    "macro avg": {
        "precision": 0.6217141155866647,
        "recall": 0.5484728234728234,
        "f1-score": 0.5544861814361327,
        "support": 194.0
    },
    "weighted avg": {
        "precision": 0.7650441499744107,
        "recall": 0.7577319587628866,
        "f1-score": 0.7468004307910631,
        "support": 194.0
    }
}