{
    "F": {
        "precision": 0.8096774193548387,
        "recall": 0.984313725490196,
        "f1-score": 0.888495575221239,
        "support": 255.0
    },
    "PE": {
        "precision": 0.6447368421052632,
        "recall": 0.9074074074074074,
        "f1-score": 0.7538461538461537,
        "support": 54.0
    },
    "LF": {
        "precision": 1.0,
        "recall": 0.02631578947368421,
        "f1-score": 0.05128205128205127,
        "support": 38.0
    },
    "US": {
        "precision": 0.7761194029850746,
        "recall": 0.7761194029850746,
        "f1-score": 0.7761194029850746,
        "support": 67.0
    },
    "A": {
        "precision": 0.8888888888888888,
        "recall": 0.38095238095238093,
        "f1-score": 0.5333333333333333,
        "support": 21.0
    },
    "SE": {
        "precision": 0.6790123456790124,
        "recall": 0.8333333333333334,
        "f1-score": 0.7482993197278912,
        "support": 66.0
    },
    "FT": {
        "precision": 0.0,
        "recall": 0.0,
        "f1-score": 0.0,
        "support": 10.0
    },
    "SC": {
        "precision": 0.8,
        "recall": 0.19047619047619047,
        "f1-score": 0.3076923076923077,
        "support": 21.0
    },
    "PO": {
        "precision": 0.0,
        "recall": 0.0,
        "f1-score": 0.0,
        "support": 1.0
    },
    "O": {
        "precision": 0.6944444444444444,
        "recall": 0.8064516129032258,
        "f1-score": 0.746268656716418,
        "support": 62.0
    },
    "MN": {
        "precision": 1.0,
        "recall": 0.11764705882352941,
        "f1-score": 0.21052631578947367,
        "support": 17.0
    },
    "L": {
        "precision": 1.0,
        "recall": 0.15384615384615385,
        "f1-score": 0.2666666666666667,
        "support": 13.0
    },
    "accuracy": 0.7584,
    "macro avg": {
        "precision": 0.6910732786214601,
        "recall": 0.4314052546409313,
        "f1-score": 0.4402108152717174,
        "support": 625.0
    },
    "weighted avg": {
        "precision": 0.7753929095139281,
        "recall": 0.7584,
        "f1-score": 0.7065381540046577,
        "support": 625.0
    }
}